{
  "id" : "ad6c0d21-aa38-4a43-9f3f-ff995d9be2d3",
  "type" : "Observation-Collection",
  "href" : "https://cdc.dwd.de/portal/shortlink/ad6c0d21-aa38-4a43-9f3f-ff995d9be2d3",
  "member" : [ {
    "id" : "OBS_DEU_P1D_P0",
    "type" : "Observation",
    "phenomenonTime" : {
      "timePeriod" : {
        "beginPosition" : "2014-01-01",
        "endPosition" : "2023-12-31"
      }
    },
    "procedure" : {
      "id" : "OBS_DEU_P1D_P0",
      "uuid" : "432300000398",
      "href" : "urn:x-wmo:md:de.dwd.cdc::OBS_DEU_P1D_P0",
      "title" : "Daily station observations of mean air pressure at station level in hPa",
      "uom" : "hPa"
    },
    "featureOfInterest" : {
      "type" : "DataArray",
      "count" : 10,
      "record" : {
        "encoding" : {
          "blockSeparator" : "newline",
          "tokenSeparator" : ",",
          "tokenEnclosing" : "\"",
          "decimalSign" : "."
        },
        "fields" : [ {
          "ix" : 1,
          "name" : "SDO_ID",
          "type" : "string"
        }, {
          "ix" : 2,
          "name" : "SDO_Name",
          "type" : "string"
        }, {
          "ix" : 3,
          "name" : "Geogr_Laenge",
          "type" : "double"
        }, {
          "ix" : 4,
          "name" : "Geogr_Breite",
          "type" : "double"
        }, {
          "ix" : 5,
          "name" : "Hoehe_ueber_NN",
          "type" : "double"
        }, {
          "ix" : 6,
          "name" : "Metadata_Link",
          "type" : "string"
        } ]
      },
      "values" : {
        "href" : "data/sdo_OBS_DEU_P1D_P0.csv"
      }
    },
    "result" : {
      "type" : "DataArray",
      "count" : 36421,
      "record" : {
        "fields" : [ {
          "ix" : 1,
          "name" : "Produkt_Code",
          "type" : "string",
          "description" : "reference to procedure.id"
        }, {
          "ix" : 2,
          "name" : "SDO_ID",
          "type" : "string",
          "description" : "reference to featureOfInterest.id"
        }, {
          "ix" : 3,
          "name" : "Zeitstempel",
          "type" : "datetime",
          "uom" : {
            "href" : "http://www.opengis.net/def/uom/ISO-8601/0/Gregorian",
            "title" : ""
          }
        }, {
          "ix" : 4,
          "name" : "Wert",
          "type" : "double",
          "description" : "value of the procedure at specified point in time in the procuedure.uom"
        }, {
          "ix" : 5,
          "name" : "Qualitaet_Niveau",
          "type" : "string",
          "uom" : {
            "href" : "https://cdc.dwd.de/skos/taxon/qs/Qualitaetsniveau",
            "title" : ""
          }
        }, {
          "ix" : 6,
          "name" : "Qualitaet_Byte",
          "type" : "string",
          "uom" : {
            "href" : "https://cdc.dwd.de/skos/taxon/qs/Qualitaetsbyte",
            "title" : ""
          }
        } ]
      },
      "values" : {
        "href" : "data/data_OBS_DEU_P1D_P0.csv"
      }
    }
  } ]
}