﻿"SDO_ID","SDO_Name","Geogr_Laenge","Geogr_Breite","Hoehe_ueber_NN","Metadata_Link"
"4271","Rostock-Warnemünde","12,0808","54,1803","5.0","https://cdc.dwd.de/rest/metadata/station/html/812300076199"
"2564","Kiel-Holtenau","10,1424","54,3776","28.0","https://cdc.dwd.de/rest/metadata/station/html/812300199719"
"3379","München-Stadt","11,5429","48,1632","515.0","https://cdc.dwd.de/rest/metadata/station/html/812300208423"
"2712","Konstanz","9,1307","47,6952","428.0","https://cdc.dwd.de/rest/metadata/station/html/812300240231"
"232","Augsburg","10,9417","48,4253","462.0","https://cdc.dwd.de/rest/metadata/station/html/812300255207"
"5839","Emden","7,2287","53,3881","0.0","https://cdc.dwd.de/rest/metadata/station/html/812300396839"
"1270","Erfurt-Weimar","10,9608","50,9829","316.0","https://cdc.dwd.de/rest/metadata/station/html/812300625767"
"3126","Magdeburg","11,5827","52,1029","79.0","https://cdc.dwd.de/rest/metadata/station/html/812300702503"
"1766","Münster/Osnabrück","7,6969","52,1344","48.0","https://cdc.dwd.de/rest/metadata/station/html/812300814183"
"3631","Norderney","7,1519","53,7123","11.0","https://cdc.dwd.de/rest/metadata/station/html/812300922727"
